Attributes:,pet_ownership,preferred_dining
Degree(s) of freedom:,8
Critical value:,15.507
Statistic:,5.62356

,Eating out at Casual Dining Restaurants,,Eating out at Fast Food Restaurant,,Eating out at Fine Dining Restaurants,,Food Delivery,,Home-Cooked Meals,,
,obs,exp,obs,exp,obs,exp,obs,exp,obs,exp,
I don't own a cat/dog,4,2.4,1,0.6,0,0.3,0,1.2,10,10.5,
I own a cat/dog and bring them when I eat out if I feel like it,1,0.64,0,0.16,0,0.08,0,0.32,3,2.8,
I own a cat/dog but I DON'T bring them when I eat out,3,4.96,1,1.24,1,0.62,4,2.48,22,21.7,
