Attributes:,housing_type,preferred_dining
Degree(s) of freedom:,16
Critical value:,26.296
Statistic:,19.19376

,Eating out at Casual Dining Restaurants,,Eating out at Fast Food Restaurant,,Eating out at Fine Dining Restaurants,,Food Delivery,,Home-Cooked Meals,,
,obs,exp,obs,exp,obs,exp,obs,exp,obs,exp,
Dormitory,1,0.48,0,0.12,0,0.06,0,0.24,2,2.1,
Living with Relatives (not with parents/siblings),0,0.64,1,0.16,0,0.08,0,0.32,3,2.8,
Living with parents/siblings,2,2.88,0,0.72,0,0.36,0,1.44,16,12.6,
Own House,2,2.08,1,0.52,1,0.26,1,1.04,8,9.1,
Renting,3,1.92,0,0.48,0,0.24,3,0.96,6,8.4,
