Attributes:,preferred_dining,frequency_takeout_delivery
Degree(s) of freedom:,24
Critical value:,36.415
Statistic:,30.7449

,1,,2,,3,,4,,5,,6,,7,,
,obs,exp,obs,exp,obs,exp,obs,exp,obs,exp,obs,exp,obs,exp,
Eating out at Casual Dining Restaurants,0,0.48,1,0.32,2,1.92,1,1.6,3,2.4,0,0.16,1,1.12,
Eating out at Fast Food Restaurant,1,0.12,0,0.08,1,0.48,0,0.4,0,0.6,0,0.04,0,0.28,
Eating out at Fine Dining Restaurants,0,0.06,0,0.04,0,0.24,0,0.2,0,0.3,0,0.02,1,0.14,
Food Delivery,1,0.24,1,0.16,2,0.96,0,0.8,0,1.2,0,0.08,0,0.56,
Home-Cooked Meals,1,2.1,0,1.4,7,8.4,9,7.0,12,10.5,1,0.7,5,4.9,
