Attributes:,preferred_dining,frequency_cook_home
Degree(s) of freedom:,24
Critical value:,36.415
Statistic:,27.40997

,1,,2,,3,,4,,5,,6,,7,,
,obs,exp,obs,exp,obs,exp,obs,exp,obs,exp,obs,exp,obs,exp,
Eating out at Casual Dining Restaurants,3,2.56,3,1.92,1,0.96,0,0.8,0,0.16,1,0.32,0,1.28,
Eating out at Fast Food Restaurant,0,0.64,0,0.48,1,0.24,0,0.2,0,0.04,0,0.08,1,0.32,
Eating out at Fine Dining Restaurants,0,0.32,0,0.24,0,0.12,1,0.1,0,0.02,0,0.04,0,0.16,
Food Delivery,1,1.28,0,0.96,1,0.48,0,0.4,0,0.08,1,0.16,1,0.64,
Home-Cooked Meals,12,11.2,9,8.4,3,4.2,4,3.5,1,0.7,0,1.4,6,5.6,
