Attributes:,pet_ownership,primary_cook
Degree(s) of freedom:,4
Critical value:,9.488
Statistic:,1.37338

attribute combination, observed, expected
I don't own a cat/dog I don't cook,5,4.5
I don't own a cat/dog No, but I can cook,7,7.8
I don't own a cat/dog Yes,3,2.7
I own a cat/dog and bring them when I eat out if I feel like it I don't cook,1,1.2
I own a cat/dog and bring them when I eat out if I feel like it No, but I can cook,3,2.08
I own a cat/dog and bring them when I eat out if I feel like it Yes,0,0.72
I own a cat/dog but I DON'T bring them when I eat out I don't cook,9,9.3
I own a cat/dog but I DON'T bring them when I eat out No, but I can cook,16,16.12
I own a cat/dog but I DON'T bring them when I eat out Yes,6,5.58
