Attributes:,frequency_takeout_delivery,frequency_cook_home
Degree(s) of freedom:,36
Critical value:,50.998
Statistic:,35.74702

,1,,2,,3,,4,,5,,6,,7,,
,obs,exp,obs,exp,obs,exp,obs,exp,obs,exp,obs,exp,obs,exp,
1,0,0.96,0,0.72,0,0.36,0,0.3,0,0.06,1,0.12,2,0.48,
2,0,0.64,0,0.48,1,0.24,0,0.2,0,0.04,0,0.08,1,0.32,
3,2,3.84,3,2.88,3,1.44,2,1.2,0,0.24,1,0.48,1,1.92,
4,4,3.2,3,2.4,1,1.2,0,1.0,1,0.2,0,0.4,1,1.6,
5,5,4.8,5,3.6,1,1.8,2,1.5,0,0.3,0,0.6,2,2.4,
6,1,0.32,0,0.24,0,0.12,0,0.1,0,0.02,0,0.04,0,0.16,
7,4,2.24,1,1.68,0,0.84,1,0.7,0,0.14,0,0.28,1,1.12,
